Municipality,2009,2010,2011,2012,2013,2014,2015,2016
Thembelihle,0.0013649681991890381,0.008834717442255969,0.04913796035261205,0.08451022817256372,0.010493914772743649,7.033129056957572e-07,0.053634620028221724,0.0
Langeberg,0.010880035290326695,0.006939318469848728,0.006370018833463992,0.004433025322220549,0.00853375868768188,0.021899404737226756,0.041262656307567876,0.03437197595689823
Lekwa,0.0009507297380539057,0.00201766650076871,0.001227064362975021,0.006312100892470418,0.000629646095760621,0.004160868239763298,0.006028778966666143,0.0058981312265889135
Midvaal,0.016683785761645475,0.01822884095379968,0.017172663590445697,0.01888728557112469,0.010563541040096658,0.06800964724530645,0.06035138530805993,0.056348286599860506
City of Tshwane,0.0026904747012777173,0.0003338233529525587,0.00019976399946904986,0.00022614159580805953,0.0017319793245020184,0.005776435130003393,0.0069137782762965444,0.011158874052809816
Msukaligwa,0.003495654885256428,0.004730522986430793,0.0025735487692309217,0.0009933878775346048,0.0008524387579105522,0.004836314179254477,0.011337987164457112,0.011955889274395073
Tokologo,0.0019139637194441647,0.0010195982530578076,0.0011190100237444289,0.0013598319549905837,0.0007164632023777772,0.00321973989301156,0.003672448625472076,0.0032721328321348333
Breede Valley,0.01817330637789249,0.015489213735082118,0.012203536140615248,0.014566059316715537,0.026205472677458985,0.052797424365602405,0.03234572534620908,0.07552713288729654
Mafikeng,0.007435534551144497,0.004437547975602577,0.0036642156817322346,0.006170725377187026,0.005296391202396153,0.027075706273921873,0.03875061897456824,0.01029929630867366
Dipaleseng,0.0044394262353161015,0.0023687500025515325,0.002162781489254999,0.0019456699647161665,0.0012523892343708457,0.006026939323277566,0.004357890727411683,0.007603795684847823
Hantam,0.002244601373454973,0.0023495559842098934,0.001459838192096314,0.0010539852482667174,0.0009377329661767404,0.00094777022997484,0.001335088544136105,0.0007830470560869681
Cape Agulhas,0.013551033352035807,0.003413818931188592,0.004052664292460916,0.0037576997830332383,0.0037213467446685668,0.00634322167685438,0.012812048576065313,0.029048752954782594
Kai !Garib,0.0011673448008122365,0.0009234571347325821,0.0014346879935345435,0.0015419441536209185,0.0008319489507607965,0.0004540472023419972,0.000684821857331631,0.0005844433808156252
Mbizana,0.001404718041417157,0.002796376207928246,0.0016865167201605173,0.001606594048629588,0.0010895159391725244,0.002673767403454255,0.0047625927582175005,0.005318030502969129
Emalahleni,0.0025258253438731363,0.002122112662333768,0.0019085194239393507,0.00148979971131129,0.0008295319121975466,0.007385978387645311,0.007006625768929618,0.00873222590614926
Victor Khanye,0.001603700129163554,0.0010286918673566502,0.002639543635697071,0,0.0009032154617440895,0.004061250546339518,0.0017253260338196588,0.0032963371992475775
Ngqushwa,0.007284628224637945,0.00805555113927393,0.0029665132251899154,0.002385754772435917,0.0,0.005110656712997647,0.005896842407345451,0.004469229764594923
Nyandeni,0,0.0018980205401730945,0.0025552775212278975,0.003508192679714938,0.0014840026727210142,0.0002671445000331015,0.00017057547885112264,0.00022759019074988435
Greater Kokstad,0.023105905803197047,0.021752454918986502,0.0035507259280270127,0.006284242362641237,0.001509789330844855,0.004480598510342165,0.03735348014249404,0.014435758504002394
Musina,0.008929851857738548,0.023597464359807245,0.010940168333739937,0.013838612368024132,0.00949965010496851,0.01923037589016661,0.01980242904278262,0.004404931427310644
Polokwane,0.0028712626587707444,0.0018010541200813722,0.0032970357505403723,0.002500187517080201,0.0013401569499072667,0.005459492905736492,0.0038803805427086945,0.012091536501054304
Drakenstein,0.010730624654143529,0.014697549733535886,0.005910093176098745,0.0036757675919368476,0.011344447778436241,0.036706737803661384,0.0313425436212956,0.028334517873309855
Ntabankulu,0.0004967242223350795,0.00045405668419808907,0.0009255543291515092,0.0052758765444295445,0.004008006004040555,0.006132922786583698,0.00796118045463783,0.004869879265995505
Tswelopele,0.000878597799729663,0.000946311203580783,0.001343661752786143,0.0007133295076048338,0.0018312075076340319,0.0020471254158788343,0.002538238636355534,0.0018347830711096613
Maruleng,0,1.9340138067814104e-05,0,0.0014057653591174604,0.002078449852329941,0.0018537856996675226,0.006572041731635354,0.005560719746306123
uMuziwabantu,0.011063929742064707,0.0019730683639151998,0.006437783290045482,0.006243076368281061,0.0022785247161330397,0.006673902839708989,0.0030591834333450994,0.0020600927328650784
Umvoti,0.0058173338873272725,0.0040958662853542,0.002927250937918489,0.0038522176032243826,0.00516937423546475,0.003322939644179629,0.01643191442072948,0.0074770490657315525
Intsika Yethu,0.0003713265962547977,0.0008153428037586579,0.007651101708631231,0,0.0,0.0022344352246820667,0.001880370015267549,0.0034660729739647137
Port St Johns,0.00020823661782804815,0.00010710753235863462,0.0002776102781260488,0.0007923042119805233,0.00032819362422943914,0.0024227577691331415,0.0018673778875903622,0.0017875059728332118
Matjhabeng,0.0013070659698669266,0.0022799026320370567,0.001503390346839669,0.002565586023610756,0.0014875016888736038,0.0017822313311938191,0.006244736844415276,0.00571190647894096
Kopanong,0.0008725183139289658,0.0005112896786566751,0.0007021566457651811,0,0.0,0.0,0.0005237726383802398,0.0004775022254059964
Sakhisizwe,0.001254804991431212,0.0009822154138325846,0.0003903739153636464,0,0.00033976573222762186,0.0,0.0,0.0
Umsobomvu,0.03049328593348882,0.02146714042815076,0.013203573168280582,0.04136396405426557,0.009484757680389434,0.004642290532975775,0.03148660600658517,0.004123815243978513
Makhuduthamaga,0,0,0,0,3.747553090728714e-05,0.0005685202085760474,0.0021240907178829292,0.001530786030469701
Emthanjeni,0.031158071417951124,0.0921244018632805,0.05716585898971663,0.04479123121662292,0.07186446967008558,0.09037981646813122,0.10935029696491522,0.09308606127713852
Umzimkhulu,0.0016050822699133647,0,0.0024275999199793222,0.002553785808127355,0.002838426158943953,0.002585871871636663,0.00490518526287074,0.004003731512549515
Sol Plaatjie,0.005119460160163349,0.0037394587313714384,0.003297507768598025,0.003852127233742298,0.0028889657988737712,0.0069411240386471305,0.01074378699471449,0.008929604620871166
Mkhondo,0,0.0036823464216587825,0.0034808109141909985,0.002524331744163611,0.002581372625178482,0.010182747928237723,0.010765212070241777,0.006549251780241335
Dikgatlong,0.004642076979073195,0.001332585112151356,9.967307232278128e-06,0.0007860648049474071,0.00017751820198416888,6.203975203534782e-05,0.00015698637238905302,0.00034153134431924944
George,0.014089634037957334,0.005231315178279168,0.013411225151996886,0.013907673340237103,0.016401089346843166,0.04043570919698302,0.03570908764949843,0.03558968530256157
Mthonjaneni,0.0037263800696435887,0.00034494495969793627,0.0003042766597351608,0.019543311402099618,0.025083574012483616,0.16174449859859388,0.16477766495067137,0.18996377398054046
Elundini,0,0.0007775025923411758,0.0009067438294361385,0.0009125933769419526,0.0004110770299363735,0.003446986079947964,0.0016263659003412378,0.003972764857971918
Impendle,0.00047214067923985757,0.0005584377004096485,0.00022278602676215867,0.00012376048845010582,0.0004092566007433682,0.0003857998659747683,9.903062861347866e-05,0.004172366427409503
Gamagara,0.003722675334960947,0.0008010689573587357,0.0012173508459649694,0.0004948774598671809,0.0014949165152628905,0.0025861509968257423,0.0005088160317401934,0.0009955961589678127
Kouga,0.008944837380716568,0.0032194093038144327,0.005897247130839059,0.006178494484731319,0.0021410636898363013,0.0006632327426472588,0.005355806962442366,0.014715491372751386
Greater Letaba,0.002201611755533502,0,0,0.0021983125798524556,0.0010033541752919157,0.003134738909595439,0.0037182049540639074,0.005588808988642625
Renosterberg,0.0011677267133560754,7.084603341256821e-05,0.00038627207792727174,0.0009472185592581452,9.856064470798995e-05,0.00012468821043513793,3.735747386402312e-05,3.978286572623819e-06
Abaqulusi,0.0023508104142262107,0.003883652307245044,0.005556120961983862,0.004615990904703724,0.0055091973501454755,0.01897066224362897,0.00789971780932377,0.013579994698226837
Emakhazeni,0.002826502187337298,0.029022174125415617,0.03275976280409425,0.04089285056774176,0.03453411312078514,0.04549026238306765,0.053287776699391824,0.07832685502803728
Maquassi Hills,0.04183189017156097,0.03887131860089322,0.025990017174303163,0.014111999218265546,0.02669869282808675,0.08033979571384402,0.08182286416895575,0.04243810633365375
eThekwini,0.008281873342018818,0.004197126265702033,0.0067021028700525375,0.005745902787104957,0.0044991768720098035,0.009390337645259646,0.008844693897567623,0.018267623982799568
Greater Taung,0,0,0,0,0.0,0.0,0.0,0.0
Ndlambe,0.0013872115030000986,0.002982583601873223,0.002166577294403723,0.0020112948295552837,0.0016824574023655524,0.001580051186533467,0.0018899063671457188,0.0014620054018837443
Saldanha Bay,0.003973693455324383,0.005962881082690635,0.0050336938727894055,0.0061930992036586426,0.0020624581542399733,0.0028063767125827872,0.004551216493391481,0.03208050888166532
Dannhauser,0.003322027739753158,0.001845491831579893,0.002626999201350306,0.0020093158678929847,0.003332061290329744,0.0038868847002115404,0.005748187076169722,0
Rustenburg,0.0023150217732855025,0.0007554853028244312,0.001181385823308542,0.0035886161700002675,0.0037778740887711164,0.010782109973297855,0.0021947192213140542,0.006451592311408833
Engcobo,0.0009075961182561359,0.001937780057861843,0.0005851436871146049,0.00028379901247488587,0.00020542606064024576,0.00011045350587081466,9.896306327148276e-05,6.319808471123052e-05
Mkhambathini,0.001324209349915937,2.0748762804980543e-05,0.0020300151456243295,0.0013196001724978478,0.0005930033830237896,0.0005644982110634153,0.00037848094352048244,0.000970436736752554
Ephraim Mogale,0.016437709999667382,0.012491295323705362,0.001604339265823119,0.0018662855331329834,0.00640033667266137,0.006864618271950481,0.0085410194338356,0.005878782271831547
Great Kei,0,0.0002860908783767776,0.0001827243504226914,0,0.00037910446310455775,0.0005962954908134985,0.0003106918095902309,0.00029268891566509045
Nkandla,0,0,0,0,0.0,0.0,0.0,0.0
Merafong City,0.0022349509047267634,0.0018684084533826676,0.0018031451937145452,0.005195144116461759,0.003221071854159409,0.00242371334306249,0.00248820619144031,0.01093453107732458
Mhlontlo,0.0010887099529587867,0.0003859327942420988,0.0006366036126440636,0.0005611164551047889,0.0010168950356940739,0.001056103528150827,0.0010945250884750817,0.0018207148113957466
Kamiesberg,0,0,0,2.6694635495010516e-05,1.1280632706005722e-05,2.7771734303476726e-05,7.611391010211754e-05,0.00012712578363265132
Umzimvubu,0.008616814836180332,0.0013923650075934504,0.002997219175569638,0.005734486480089424,0.002339176878594178,0.028444939090957074,0.007060219997376504,0.008103543456253018
Emadlangeni,0.005862433766977028,0.0031547142468842477,0.004680992001933125,0.0024671231565887397,0.0018594396705327602,0.004652680944483869,0.0031775067867112344,0.005357311884310326
Dihlabeng,0.0015528667116623373,0.0006714696943451558,0.0004798606421010217,0.0012174003537191382,0.007571736018345194,0.0460794448782488,0.04757777784570234,0.019345147409270656
Moretele,0,0,0,0,0.0,0.0,0.0,0.0
Makhado,0.007406355405474641,0.006772995162626862,0.0031628844159624168,0.004912956035483687,0.006507608359025993,0.0021758615009077856,0.007599239802579032,0.0012460794517250413
Thaba Chweu,0.00529237124868694,0.008412585193048045,0.006813480595880753,0.003311568003410411,0.0036226040333861963,0.0021516663301446998,0.010583438414841155,0.0071983094644297585
Umdoni,0.00484508057351728,0.00405614829113178,0.005522327605616904,0.0066265031834473595,0.00682505113785471,0.009803695960604509,0.006625589092267178,0.001690991268204118
Ndwedwe,0,0,0,0,0.0,0.0,0.0,0.0
Siyancuma,0.001173437789290552,0.0013807688319177238,0.000676523178990162,0.000608475188017914,0.00041757690572968403,0.0006638123701885667,0.019579663202821056,0.021806744397455384
Buffalo City,0.002425528196132153,0.002380009377603094,0.0019522837401135136,0.0014810375487986649,0.001345711909437742,0.001432079053031167,0.0009706436775975735,0.0009076381249099741
Naledi,0.0034385342510850785,0.0030293596784260195,0.0017230832141295518,0.0013645934798878565,0.0015222792384715059,0.006028055979557374,0.004082967586790702,0.0026070125152679413
Richtersveld,0.0009267846815656556,0.0001994035289669528,0.00026438375351588725,0.0002948115724916478,0.0003654808198241195,0.00015110949982357282,0.00014448297016858474,0.0003796697926118871
Thulamela,0.010568646821073321,0.00447240484312198,0.010112730438611259,0.0073641712188243285,0.007119866884358012,0.021937954709323356,0.021000776444018265,0.010265513172410687
Metsimaholo,0.0008864342908784891,0.007138209628899719,0.01314047555681979,0.010777098367111522,0.006272462770045995,0.021623884630288432,0.023653592793460854,0.020131173850903076
Mangaung,0.0020684469558233964,0.0005133553390575014,0.000509317788892714,0.0006914849376529388,0.0008313996920482942,0.013126885756426667,0.013999985604375903,0.008947543378629907
Cederberg,0,0.009531509260729161,0.025650491217624295,0.01876521827148553,0.008750441661030608,0.015260101499823585,0.012048083821324383,0.03136290707726089
Masilonyana,0.0005929663320500972,0.0007927192181167059,0.0002829108598763697,0.0007499633271437528,0.0004352325590027074,6.785791674084187e-05,0.00017104923738889605,0.0008985652881070402
Witzenberg,0.0027017122970400993,0.0022498406191051746,0.0016785715935186529,0.002422552826548,0.00171639417712837,0.01612480427344019,0.019870247133385612,0.01606909309759663
Ba-Phalaborwa,0,0.002415129499517905,0.0020510855237744923,0.0018183828255063758,0.0030137758004765603,0.00856577359445294,0.025560428991082965,0.006550048156711851
Mamusa,0.0006835194123222015,7.371267182344256e-05,9.707890050656232e-05,0,8.977965051158119e-05,0.00032733059990776043,0.0017624802447986033,0.0038580543253902326
Kannaland,0.007637894605709982,0.032221498792495404,0.022330924707380635,0.010292426204660053,0.005928402875873374,0.021707344864141394,0.004760393601864052,0.03128999709775827
Theewaterskloof,0.022220100057466215,0.012664350223132078,0.011819793803456397,0.008783256893166117,0.01311588150965358,0.061726067360209795,0.05132226430077631,0.057410586376464026
Jozini,0.006512504653089351,0.002396829499650975,0.0009346958174397726,0.0012373984286323015,0.0015836089007812114,0.008636965876731401,0.008613591805242583,0.005629111600122372
City of Matlosana,0.005050695470426161,0.004901281286406378,0.005908890322545602,0.004884240006930976,0.008385443935988246,0.005217212943679298,0.00285852573261524,0.005992305153243128
Ngquza Hill,4.7018070413515496e-05,0,0.0015447272850401535,0.0009333868238654354,0.0011712315564937005,0.004249525712360625,0.005392319798246805,0.003598029859188949
Maluti a Phofung,0.0008544684025422673,0.0003493465087137603,0.00041224250763980557,0.0025227907147631476,0.0007426474836722771,0.0008090308142402188,0.0005048260879958164,0.028172938363217114
Kareeberg,0.0002592979503782001,0.0005195753653964052,0.0003878416727351626,0.0004365621802197822,0.00019243609181592608,0.00011805361823553266,0.00012078348994021444,0.00025569236939713193
Bitou,0.02323192814480708,0.0184577183300627,0.017250384679914736,0.016656212607536053,0.012262854742194886,0.05951716703330221,0.04127174533349066,0.044902825461948966
City of Johannesburg,0.019764860227828623,0.009867329051190697,0.012120641482309976,0.012714653382758569,0.009123059257624867,0.029370132941912454,0.01490272840543852,0.009041517931751817
Amahlathi,0.0018377497872530792,0.0018377497872530792,0.0006699708722105089,0.001174926683422631,0.0005477214263493857,0.0014362405206476375,0.001290233920104228,0.0009895585040715228
Lekwa-Teemane,0.00038950608954034505,0.05530567866710091,0.017192015881863493,0.024132646288021833,0.005384191491295741,0.12528454891297666,0.12182046270671255,0.06742161722950386
Mnquma,0.006578132530890591,0,0.005004229893589257,0.010717371954471477,0.005238775866090457,0.024164181447182544,0.024524162888631473,0.022914806303085598
Umzumbe,0,0,0,0,0.0,0.0,0.0,0.0
Nala,0.0002649129665608473,0.0003568847300395716,0.00017079067547571294,0.0001058222827489795,0.00013831858505304078,0.0001935957189049347,0.00039646015966376746,0.0005190264429345703
Nketoana,0.0007352112534159658,0.000924021004208949,0.0012146317714369953,0.0007997640849082802,0.00042087903764952974,0.0005963066210196145,0.0006873227214980238,0.0006741302220319924
Richmond,0.0006865473207487343,0.00293045915909594,0.0014320994393530585,4.826208574105298e-05,0.005324199753976895,0.001620472343028631,0.0017369576840421312,0.0028904497704306596
Endumeni,0.008985033217166496,0.0069537836907704815,0.006648761105977428,0.0015488400866277288,0.002193143922471678,0.0048669203946590375,0.015007211935018428,0.009640505110330582
Tsantsabane,0.002446531316958241,0.002020338672914399,0.000878197527986647,0.00024739286224416456,0.0008877170063344128,0.00040018041676809175,0.0004983299953893745,0.0011391375016948024
Maphumulo,0,0,0,0,0.0,0.0,0.0,0.0
Swellendam,0.0364767995020855,0.016322811214051478,0.010266471232040508,0.008951707488471326,0.007385203789722403,0.06799055823619862,0.08369174959259278,0.11112470352097092
Sundays River Valley,0.006701426044770919,0.006666589416430773,0.012530425848012316,0.013324627327462394,0.0147558489737417,0.013940412684289307,0.014928686992008935,0.015376364959443571
Karoo Hoogland,0,0.00034816662755302974,0.00010693978022607398,8.671110885111358e-05,9.092649857071594e-05,0.00011527216449377558,0.00010935153467861711,0.00012181249348070612
Dr JS Moroka,0,0,0,0,0.0032463445969854354,0.0022175436033375225,0.0030366252911541575,0.003893811083222059
Swartland,0.013381286030369128,0.01967856123175913,0.014079516339442807,0.008941948655226972,0.007166063177069757,0.04770136536047504,0.05169829473994192,0.02832483081161958
Blouberg,0.004222872646496065,0.002455542183665307,0.002709910842106611,0.0025366237700908535,0.01006302916205066,0.008228368583807131,0.012302390194444667,0.003949803474133427
Bela-Bela,0.005896427972215185,0.010327519102058303,0.009497704219193243,0.005425861868177051,0.027219966334422842,0.09985292157705804,0.016129388806041818,0.00963805173084889
Mogale City,0.012396743630709368,0.018663412346738895,0.009278878817657732,0.0062403673599893406,0.005668439403924684,0.08049930274278562,0.04754768945320372,0.05223753687928955
Knysna,0.006462757744985187,0.004359346201268297,0.004249985310363128,0.012789167790889077,0.022744059276285186,0.07960833952104977,0.12065561338425859,0.11667439600918843
Lephalale,0.0021996950735969794,0.0028037199384913715,0.0006582188358326132,0.0002779011435256056,0.002946283961308691,0.001962688149185033,0.0006637865802371513,0.0019505072928983635
Bushbuckridge,0,0.001233210171552171,0.000558671834975472,0.0016164069290204848,0.00175420690710996,0.002556164784108173,0.0010308518482610419,0.004396555726913222
City of Cape Town,0.00854514090776358,0.006155149709638127,0.0060252757500716,0.004540687848830763,0.002741333178744432,0.01926091243428272,0.02318566619100897,0.02304971109256477
Ubuntu,0.0632580103328427,0.25167500606842014,0.33455992298867154,0.2682601859960341,0.21787918682909851,0.4399411871508961,0.4108354877569529,0.01159336994518487
Greater Tzaneen,0.0023651385843326098,0.001821013488340713,0.005725408015669517,0.010758538580281515,0.007831219501962082,0.003788916383309203,0.009390127521680875,0.03275483259281067
Newcastle,0,0.0023030266791770376,0.0025445545186496194,0.001092511109123101,0.005534328275471118,0.006047221325358561,0.004670138409624815,0.0031605787126445634
Inxuba Yethemba,0.00045350748213834874,0.0008826821004370355,0.0010635772344660878,0.0006870656458998434,0.0012602893082999953,0.0012585250068009068,0.0031475677709363833,0.0008667935216637681
Ga-Segonyana,0.022483680521561702,0.004421560450976477,0.006760723038408466,0.017868185147274354,0.017166552593912168,0.024858394480156917,0.037397198066301554,0.005558956927943979
Ngwathe,0.0019279513254860086,0.0017222787380778213,0.0029592120245309265,0.0019011987323127137,0.002055276105254535,0.0016231245100381108,0.001757544253891537,0.0012635677058057493
Local Municipality of Madibeng,0.0016640874657841604,0.0009948487677968018,0.0009865794576138039,0.0008554202099513336,0.0006189476760759921,0.0018736437589380766,0.0009672352583229793,0.0015364481205661106
Mpofana,0.06198122937174991,0.02577664768911834,0.02167308967237122,0.0037490369691843316,0.0036256809719038756,0.006044464315081959,0.05344342829731259,0.06419626424157951
Msinga,0,0,0,0,0.0,0.0,0.0,0.0
Okhahlamba,0.0035613687045080696,0.004389551636627752,0.0032559986013288313,0.0022251261114944404,0.0012169633071632611,0.003826121289264787,0.0034542066226528646,0.004258680919166995
Lepele-Nkumpi,0.0003927315694417612,0.0012693333799951162,0.0017283522897479637,0.002552259481975827,0.002718098140430618,0.0038804268890905566,0.008957232104990172,0.006235290973614575
Laingsburg,0.0939616706303417,0.0939616706303417,0.037460308996606885,0.04710822696847439,0.05290404915646537,0.2643383372323133,0.32048528104207474,0.2235207474166404
uMshwathi,0.0025560504705985417,0.0021168146413434656,0.001569206524260026,0.0004453686515277288,0.00044311729455534006,0.0004826577006655029,0.0004587519019788062,0.00051126793679738
Moses Kotane,0.009017368227976292,0.009208402757847867,0,0.0021261356819070472,0.012031838995541586,0.004884186375629041,0.0018236665732149226,0.006223770929109643
Tswaing,0.03425424896157502,0.0006877140068129161,0.007214451058779176,0.00034245274386050534,0.0,0.0005617529192444269,0.00041216989487530953,5.4110826810821165e-05
Beaufort West,0.07278791586898758,0.044961750965887,0.036194762137281705,0.06862637631202437,0.05131782219089032,0.15773633017366442,0.13432503763566087,0.19464699190340035
The Msunduzi,0.0062695188737826825,0.003418590491282357,0.0022358731632932827,0.0013242335204076095,0.002475709082048925,0.02748850933676618,0.025876110552888597,0.012212074201157254
Joe Morolong,0,0,0,0,0.0,0.0,0.0,0.0
Mfolozi,0.10273533473412866,0.03820881319750487,0.0019278337150431442,0.0020103735881773586,0.00021097214327491206,0.0040722209903471755,0.07049995518210285,0.026668936128028183
Emfuleni,0.013224373751692234,0.006455007399160251,0.005626765789492549,0.010440812528860886,0.008244640117485092,0.031218226053810482,0.02921309433740788,0.024358961739694596
eDumbe,0.009454084873323781,0.006647809809618733,0.008886186753441523,0.005895991660147023,0.008023399883259195,0.017085020580362636,0.017085020580362636,0.026362119539268234
Hessequa,0.011365251437471085,0.008483798441906984,0.010061583974276238,0.00988973530225179,0.010364054395081342,0.0839169232602685,0.1040658694109431,0.10339928542017622
Ubuhlebezwe,0,0,0.0005765001057927283,0.006630635016111132,0.0013739954046837555,0.0015283741867347467,0.0015982421419690701,0.0019383512666730418
Phumelela,0.0006858008094018091,0.0010049727891989907,0.0007420965854076182,0.0007649224450488538,0.000692613439481474,0.0004268540140714158,0.0009445335095376881,0.0009646635915507176
Umhlabuyalingana,0.0007929765305085825,0.0008489016274068389,0.0007772062148450988,0.0012050300273354839,0.0008228350069337851,0.0037192774740962917,0.005640411421466112,0.009708058342001457
Nqutu,0.002346593875245237,0.0019540578552465168,0.0034416656698418343,0.0013720389279012232,0.001256185034476919,0.0025843812334693833,0.003625898848539199,0.002618347446939563
Ulundi,0.0026396576695548787,0.00180776930341635,0.004281976507713298,0.008152437741353456,0.009338269784721564,0.021250615803319696,0.02490340058749789,0.04287564551899706
Kh√¢i-Ma,0.001798921354866606,0.0011590561338710292,0.0005000296845240755,0.00044476595381050477,0.0004037527995756996,5.3045172016275164e-05,5.065039264727063e-05,0.0005111806758684353
Ratlou,0,0,0,0,0.0,0.0,0.0020517765002280495,0.0014860276159828645
Blue Crane Route,0.0007812680699163888,0.0004542270816012915,0.0007429025194081446,0.0009552851546462739,0.00042027275616794214,0.000234140284725972,0.00021465064103006758,0.00031883391370532085
Setsoto,0.0009488650907924831,0.0011210936539955468,0.0008647820697779248,0.0009429539339743961,0.0010580790425572786,0.0031389477767467984,0.004228485707786387,0.004314636718445922
Ramotshere Moiloa,0.010634870528410011,0.01732332810475739,0.0196313976646868,0.021185363226791543,0.019074782812011675,0.030873694084676544,0.021999507517880452,0.017290266207150743
Mohokare,0,0,0.0014669535793676736,0.0013241716404454396,0.0004066912629084932,0.005810012536895463,0.009758831486443882,0.05438527820083065
Moqhaka,0.0025920698962299967,0.0021943410202739963,0.002310727803442702,0.0018088621839535196,0.001636506162848531,0.006273997577741814,0.00679454414510608,0.003658089290078963
Overstrand,0.008208148055728488,0.004725897187203393,0.008375999296960774,0.00798600889060069,0.018669343801130965,0.022027934809477453,0.021583062943495112,0.021387241892357793
Chief Albert Luthuli,0.0009555066381779378,0.0004867319462471901,0.005486168330750097,0.0025942626327980856,0.0005376282351606175,0.001263500070112936,0.0043056028557472694,0.010743925286057523
Govan Mbeki,0.003534647843563077,0.0051339596167962005,0.006745985431115432,0.0056524632925137736,0.0075632161449610946,0.015275925316990792,0.018460766353201333,0.01463827483546044
Letsemeng,0,0,0,0.000758155157552318,0.00040710156290070857,0.00040581356197308795,3.5593021138718986e-05,0.0006884889750661558
Stellenbosch,0.02618958505696036,0.018554212782071974,0.01619860674616528,0.01197738319197804,0.062123468979646206,0.055513517305981516,0.04667283712558693,0.059776131081175306
Dr Pixley Ka Isaka Seme,0.0042184123619259635,0.0014860823256584192,0.001716523016522794,0.001339816180391647,0.001417358554422912,0.003361485772393648,0.002198827658452086,0.00096987932370585
Mandeni,0.00810314931983266,0.0028207727399340433,0.0030762256491583856,0.0005781781307732497,0.0005956481196533281,0.0002549524375083852,0.009782042300782449,0.00012890294925910962
Mantsopa,0.0010566117256942142,0.0010657043475744978,0.0010052021189479968,0.0004925945745575344,0.0005508923482295638,0.002150479146974183,0.0021578357026345446,0.0018594695770067005
Steve Tshwete,0.00658804485410315,0.004517002955552296,0.005623154632537652,0.005061757409239223,0.004589256141151484,0.010207826784327944,0.009448499893934736,0.010835577916406072
Siyathemba,0.002543884398260848,0.0014408830794761728,0.0005565839691991253,0.0010186274743991662,0.0006911989512584356,0.0003850551125015919,0.00042146754494759835,0.0010665357172651845
Nongoma,0.000633497546473782,0.00040351354790696474,0.0003122449996984009,0.000741047991818482,0.0014115584097810084,0.002064677509552308,0.0,0.0013894308120688344
uMngeni,0.004247987113083162,0.0015596367036574065,0.0007566566332397768,0.01592920448383559,0.022801583664935083,0.08472478674887257,0.06637731753046616,0.02862930173288005
Mogalakwena,0.0022916896043089978,0.002410801813835062,0.0021651065231428706,0.001570596369290602,0.0012820159109923604,0.009007962665906423,0.005470506165512243,0.002549365795379314
Ekurhuleni,0.008014167998442135,0.006975112068932884,0.008046484717799538,0.010111335625229602,0.007778874626725351,0.006690887093601664,0.008194606169349418,0.0073678335876951094
Nelson Mandela Bay,0.004800113760954492,0.0037986220660878333,0.0037475778773139214,0.003493576578172461,0.0036316048213709913,0.00719856988050068,0.004582518364500381,0.023611360772893882
Makana,0.009562049198772545,0.0056839461761748235,0.004500341112855774,0.0019779709395688254,0.0027943391650045515,0.0018552388091407999,0.0001555019890189751,0.00011850356303920288
uPhongolo,0.001993754201740833,0,0,0.0015173199741264287,0.005020795283791034,0.0022314439265752168,0.0017342723766473932,0.0010544310267234698
Thabazimbi,0,0,0.0024761803999912243,0.003356667742630546,0.004231257668688419,0.004156237290709088,0.004417536333697446,0.0027125032588671276
Bergrivier,0.01241000327436466,0.006450152837154411,0.009152902351181798,0.00022811202640133483,0.0038875502495983967,0.014688785994438654,0.02311398157662201,0.02511504899158483
Matzikama,0.01590902379765173,0.010108517372596906,0.009014763282205483,0.009786538489342638,0.006800832196757884,0.007517103747446897,0.013742036172888937,0.011463106083066372
Dr Beyers Naude,0.006593368893442909,0.0031260017213515126,0.0011204199605934452,0.0010896649179814892,0.0005545674532865108,0.0023327473688534656,0.0014381822250099522,0.0012058911103256394
Senqu,0.0009886284738929657,0.00042489324871724984,0.0004743712966567016,0.00030557252608713023,0.0003819457418365122,0.00017523650124368436,0.00392909729457784,0.0013363418592291032
Nama Khoi,0.0038147560177993517,0.0011508823174077485,0.00109783226914385,0.0006022914917292898,0.0007018273606907274,0.0010167704565422833,0.0025980445533763464,0.0019502809696054992
King Sabata Dalindyebo,0.0026013522080754934,0.002801637825212817,0.0032231748938649795,0.0021565574904073757,0.0022857619623002164,0.0014995177964240356,0.0008976410534837265,0.000865490749469883
uMlalazi,0.020853271440053667,0.029118835366867,0.02171022487672696,0.01379137285009099,0.012461869671068774,0.05993889321186018,0.08354851798365828,0.06855518516487731
Matatiele,0.004267990951321173,0,0.005112686296873399,0.008840202309469787,0.006841386143562716,0.01247148816805395,0.006089342864452133,0.007590431744787485
KwaDukuza,0.00441497089822276,0.004663325899111,0.005015770289696668,0.004572631840437339,0.005948194476882237,0.023587121703175663,0.016781530945710825,0.012101434105418111
Lesedi,0.013858996465610127,0.00822947987007033,0.00653808544618455,0.0017361820396122394,0.00036639273168464836,0.009135766888270426,0.049188505350366354,0.0691016727860637
Thembisile,0.00035062590588217973,0,0.00023639746335887653,0.00011722283995038363,0.00022101343050578957,0.005856726159005564,0.02179280511288827,0.0024443124142079662
Magareng,0.0038924791596814065,0.002131267796813094,0.0003333782524959099,0.002237708449746763,0.009323213187243773,0.0022626847322475205,0.0006323397000095502,0.0004537716890503817
Kou-Kamma,0.0038379670976350045,0.0022302560472046828,0.0022977364634791313,0.001832366891316142,0.004415472709196446,0.004859510720898503,0.00518590279315362,0.012905494384280323
Ditsobotla,0.009032717506221189,0.004215847163691021,0.023676158168310233,0.012709390469617313,0.0008176584700315722,0.0014478884451786286,0.0005363791717733552,0.0005543002457332225
Mafube,0.0016416668892143074,7.444184324792978e-07,0.0028273928759381356,0.001056852984525267,0.0007170838531352176,0.0004125043141378664,0.0005725019464377978,0.0003487891459058272
uMhlathuze,0.003639205949373902,0.0021675922213664797,0.0011443942203225163,0.0017535199994724473,0.0051697257335976046,0.02404908065982637,0.0202225004054886,0.004141999312482604
Kgetlengrivier,0.002326468653372476,0.04305741578443083,0.032920711558995654,0.0161191579297207,0.02070424537670173,0.0052186173369289145,0.0021657523512817346,0.13572783370722769
Mossel Bay,0.010632621680300837,0.004125305832380206,0.004780091492434621,0.006924601052383469,0.010013122765350073,0.02123177386990918,0.029853442071063285,0.03056305804012251
Mbhashe,0,0.004568454267513591,0.003489268458562881,0.002981527375710608,0.0034895222621016205,0.0031739908852650195,0.0015971346294241001,0.006959812748506507
Greater Giyani,0.0011642682023984806,0.0012977277779888286,0.0006876509203185727,0.0006630396158664652,0.00026907574233426515,0.00026810357128734523,0.00029271239004242,0.0002340055072684686
!Kheis,0.0025444976713429766,0.00040322949879215895,0,0,0.0,0.0,0.0,0.0
Nkomazi,0.0017037570695309476,0,0,0.0012078331040446238,0.0005962667226890094,0.01451974111422392,0.040221099183585775,0.03481984993818282
Mtubatuba,0.007920056049677542,0.004339279487619041,0.0033241630342843525,0.0023552422621365915,0.019291499822238087,0.011072874533448634,0.007918074267576168,0.008059624428611467
Elias Motsoaledi,0,0.0039070182023742284,0.01233938626103765,0.0045270809294243155,0.003089977212745232,0.005749311185938859,0.007712675426536812,0.005920605949194061
Molemole,0.057436297129532105,0.01811225673197879,0.00707991314856536,0.006219681695771274,0.0009218576337367926,0.009036782257503342,0.0090985908048493,0.010705486393438829
Oudtshoorn,0.01320019963536948,0.00793970200060268,0.0057663130903325656,0.0046956893116544655,0.002300165206846231,0.010830610449305614,0.012859734029032044,0.024824677894530547
