municipality,2009,2010,2011,2012,2013,2014,2015,2016
Thembelihle,0.2267201976848426,0.21367249767307803,0.2429684545270259,0.18042367007167193,0.18508282705586435,0.2552942136285848,0.2560322913874848,0.29051749011172295
Langeberg,0.22573629298504327,0.25643202884063054,0.2242618243143771,0.21824303036805198,0.2117099447620875,0.21696779150621207,0.2181500933543546,0.20621196808175069
Lekwa,0.23184632528426016,0.19797847791198883,0.2692772941796523,0.24788917419050913,0.21646378172037373,0.2272512274782122,0.1781972230960654,0.1853495471940554
Midvaal,0.26749141757804307,0.18635811278492168,0.16248622566390858,0.2015052818368836,0.21427187592275032,0.1629371626116429,0.20989281610576369,0.22356468798396417
City of Tshwane,0.25908619153177226,0.2603566198945706,0.2787461677794484,0.23901803595366816,0.2450598277350922,0.27147198213852347,0.25547803621565907,0.26593073500101233
Msukaligwa,0.37126601135916587,0.3467083448236199,0.2487461396388607,0.20700782622630345,0.21295715199687645,0.2622165979545221,0.2840522805406272,0.260665879706928
Tokologo,0.3672253615014604,0.20155220150041261,0.17560334729567723,0.14725167327123245,0.1222782835320439,0.19657048346298744,0.23783756186010732,0.1884431964284894
Breede Valley,0.1959929799761029,0.23356472906162554,0.22446052536469738,0.21700514373880236,0.1998078783913795,0.18332117003034445,0.18798647771492347,0.1996838745058554
Mafikeng,0.23712770192624916,0.3491787075145142,0.35933091703199943,0.37016248208551067,0.28299512976586744,0.3147846527119161,0.2975630766415521,0.2559206208689948
Dipaleseng,0.2459484658938727,0.2263602368282376,0.2837607724901808,0.2172744289727108,0.2050152857672861,0.2867807486481388,0.22100573376968385,0.25337550172243156
Hantam,0.26014676163065226,0.25740764536330113,0.3098974824750151,0.25893949010896783,0.2404053714231722,0.21968378811950207,0.2706145771593065,0.2838092915422289
Cape Agulhas,0.28474818405878694,0.2679518499231724,0.3578301467260539,0.3287529272548613,0.3010810236018724,0.3206484640377663,0.34330268168629857,0.38976408263383644
Kai !Garib,0.2892386572399426,0.1707839492261248,0.2656048014249729,0.2922681448789007,0.33167522450520137,0.3821607633837338,0.40462099984750316,0.39962809822644496
Mbizana,0.2127656766565963,0.2833228875371922,0.3289878738283903,0.142834325901557,0.1731857489383108,0.1405552580506366,0.15561460316679435,0.15598210694485096
Emalahleni,0.2364670040119986,0.21253668784518484,0.1912192805348902,0.17853005111941259,0.16545333206128537,0.23651966251873108,0.24275045993923106,0.2716264559085098
Victor Khanye,0.3311160508682381,0.22561267647924,0.24381325905502,0.28820611523913736,0.28707002203180504,0.17557650660477492,0.2375984314159165,0.1486764946730314
Ngqushwa,0.36255893178293447,0.30772242333584715,0.2854977837811192,0.31090711777250796,0.2686487959019301,0.288268449395817,0.292789707467704,0.2795330667150825
Nyandeni,0,0.3654812864151863,0.38913002181219836,0.3214187903482563,0.3246786008373688,0.3608750272444448,0.3494531218556901,0.3161183912882847
Greater Kokstad,0.3329188516051667,0.3003518348757842,0.3007169075536875,0.2986922132569653,0.3369950699892291,0.3089120622115206,0.2580952286933044,0.2851191357425093
Musina,0.19654989498254558,0.3497394456913933,0.2488488045864845,0.2655103066867773,0.3119142932120364,0.3312017399168491,0.3471731145421017,0.28047538475148276
Polokwane,0,0.17841970278871386,0.2087964272207115,0.1797919369672206,0.16679765328510548,0.16356790273850672,0.16578892989024702,0.185869697174174
Drakenstein,0.2182416987693732,0.21635915456619056,0.21768393243017692,0.19826770630836887,0.18967314037142896,0.1897109100975855,0.20858823066455956,0.19501558662574126
Ntabankulu,0.37840646697167113,0.3544079353908682,0.26552285138779136,0.2647237942549516,0.2630740406456675,0.21637345547203182,0.2635398252079416,0.18261599597076209
Tswelopele,0.2626952094930093,0.18167859963313848,0.31607789742566045,0.1926497870648912,0.2227896545882364,0.28319826196724357,0.2910270541268253,0.28315699811903944
Maruleng,0.3002730786465682,0.2953592903623348,0.34332496326436956,0.27491804224084493,0.2984687461961346,0.2573561003795805,0.15550931967274448,0.25164521239644266
uMuziwabantu,0.47751674503263075,0.2835862834730658,0.2933420739384801,0.26425093577761516,0.24234917600968395,0.21024260736916217,0.21720856048423998,0.22814235872010283
Umvoti,0.18655706155519194,0.18397783788862884,0.2030039703702956,0.23691006331342354,0.24926270991789082,0.2046942727692821,0.20231289099403416,0.2194258954782486
Intsika Yethu,0.29187287292594327,0.35279967056057343,0.33043348220236646,0.4502456169315874,0.40900764540426315,0.3806470283008357,0.4346399742189883,0.39497033712001756
Port St Johns,0.30966177051200283,0.2680126832455518,0.28245613599319047,0.2513565114468113,0.22716644921619356,0.33894520053564675,0.2508979381199802,0.28333213714411287
Matjhabeng,0.2525530795132416,0.25570511312481037,0.25391563570725134,0.3274298181570977,0.2840527019068595,0.2652388463469104,0.2977558996205684,0.31181510466892665
Kopanong,0.279383749783809,0.2674393187213477,0.29266749761195643,0.40772357969864226,0.36012557303510473,0.40700084680856674,0.4119904311738715,0.38562634790210004
Sakhisizwe,0.3136257451825465,0.25416306250789394,0.2195428238270452,0.3384502450796777,0.26226800098502984,0.30533541509520756,0.2546826819620224,0.2744202647200039
Umsobomvu,0.34129131475851204,0.24317854186271204,0.25184255978064124,0.17840430084312872,0.16693103903685125,0.18094823346435834,0.19555265537498343,0.1992959463546733
Makhuduthamaga,0.09574554705800001,0.09866543811938995,0.09505397124217972,0.1181577083144579,0.16307939472520522,0.15936910573155783,0.1458361164653695,0.1355901578707036
Emthanjeni,0.2784861776987086,0.29144207686658813,0.231527539737194,0.2386609610460423,0.2623299217487157,0.2537746830916437,0.2650531318622421,0.2832577165633223
Umzimkhulu,0.028337623133892726,0.16499802507359895,0.20300889832696473,0.1706327368700379,0.16955837330956444,0.19377437905286865,0.22778013602933583,0.2313336931182267
Sol Plaatjie,0.2571975374264203,0.24315178860365141,0.24468013711036196,0.2149348344913813,0.2037617202248004,0.21592403706517674,0.22312714666174002,0.2631815564652354
Mkhondo,0.28128206392031346,0.2214507722085244,0.2575885077988865,0.18482010018619618,0.26009131689675663,0.19495708463396305,0.21954578617520923,0.18400679805512124
Dikgatlong,0.3258103621762718,0.2503795237597043,0.17026592349286854,0.1641178116676938,0.18419288637877362,0.2543802804207371,0.33119448764977316,0.29195932106121486
George,0.1801223670841942,0.227133121325516,0.17510879673153376,0.1720859090122794,0.16706788663977784,0.1507316254907866,0.17773417397774402,0.17531548048234563
Mthonjaneni,0.21799448761607265,0.17331549600174495,0.16906700359269497,0.14151679768926242,0.1539237009820997,0.20009015832909685,0.21439552570203843,0.16691467595584084
Elundini,0.19840461955403965,0.3090620351921274,0.21296291709725743,0.36074503006161723,0.27160486382135957,0.20604708914867712,0.2520111889620503,0.2581111405830705
Impendle,0.22866803682230233,0.2651934305432637,0.326330395191233,0.29299226400200407,0.23792848913186448,0.2565803707884753,0.24279363755729405,0.2701026850767987
Gamagara,0.3543437377469989,0.27517190560583893,0,0.22980324463158883,0.2138803956433082,0.21590620560376653,0.1199885387030948,0.1299375012609096
Kouga,0.3255790542943915,0.28227406196894106,0.4776933838836343,0.3922255950879522,0.3867958802570172,0.38631226575260563,0.31667435979870445,0.3435479923321996
Greater Letaba,0.2135339297626853,0.15710156901566721,0.2452097060965295,0.21229630593871118,0.2285706530566478,0.23645875336068617,0.23478850975784943,0.18629519200621153
Renosterberg,0.5200929129662477,0.25864275557711613,0.18671159005134216,0.22431516853991249,0.21224055875956402,0.24742197919755454,0.203948934037253,0.20502359503545065
Abaqulusi,0.19996309489466868,0.2789778535628652,0.321626510571154,0.2411605041512132,0.23751394038080295,0.17789860378639233,0.22299883423911251,0.1495607986619103
Emakhazeni,0.23764049732264464,0.30792709531234563,0.3989149858997763,0.32786802812397536,0.3073167021200727,0.2433556650283788,0.3078172073931759,0.32625706037277613
Maquassi Hills,0.1961078442887218,0.20795525679517496,0.18640370229139827,0.16093769252856643,0.1342570520334387,0.12574950616319777,0.18133714913625262,0.1506414878203963
eThekwini,0.19902843451114158,0.2426641171980232,0.254752994663315,0.2925340257364573,0.24423830686944803,0.2604894475712002,0.24147240929064537,0.2548900437878839
Greater Taung,0.2783708470656922,0.22334697161246828,0.30913379334311136,0.15939335585325737,0.2562919086641463,0.19026143906299545,0.20216649924321503,0.22372387395634621
Ndlambe,0.3427294392664048,0.26073760359642134,0.31194726954679,0.32481117805567056,0.2665258317770272,0.32568146241081297,0.3138732678573639,0.39149060989305323
Saldanha Bay,0.25707298499694764,0.2617959701847592,0.2721284404132497,0.29533413816913323,0.310490968676596,0.31263850983533475,0.25107188114639817,0.2269398604738528
Dannhauser,0.288675989742868,0.22317314429273855,0.1843537254753205,0.26679888857311307,0.20970663620441016,0.13789575436436832,0.16192875091486672,0
Rustenburg,0.1259763516683452,0.06935819080263302,0.12538160873350795,0.13590760509879024,0.11000453157270675,0.11961819218846854,0.1282237189696211,0.13004782848077007
Engcobo,0.3051621263897479,0.15457144322431976,0.18339414804334997,0.13238128608452535,0.07366862265721036,0.36019389659225454,0.17851580907786602,0.20363214773574131
Mkhambathini,0.5835866917107088,0.40346809899401526,0.3250355044095447,0.3040613677202779,0.30296200521863725,0.33514970578037623,0.256855078639043,0.22618843097379332
Ephraim Mogale,0.7450527448310379,0.29063420534106654,0.25708979134074555,0.7868714350591708,0.2297371702949371,0.17605982101720402,0.19229533233252966,0.1346808722129355
Great Kei,0.20786986889735024,0.2998570126730213,0.26078145205800884,0.2788253382919227,0.2913358974693323,0.308467789033246,0.29207235850663926,0.31954298304605167
Nkandla,0.2622816845964838,0.290054976594469,0.1672367191747769,0.13154070600632906,0.10948539058836812,0.2302996804629436,0.18105336710481665,0.12858546219578748
Merafong City,0.25735752751604823,0.25649519598029225,0.25159512213767726,0.28087496319288313,0.15343146983953884,0.21546470774536566,0.19069848101189082,0.17800359989137263
Mhlontlo,0.3505826173971328,0.17502546418643394,0.2182249321906258,0.2531864206222294,0.29781863141901427,0.2241784662748765,0.32736618082043506,0.2929816229628901
Kamiesberg,0.3074729124232224,0.2746965134630239,0.2713452602288549,0.26669652113878245,0.1998999715903487,0.3688237662533406,0.30423571951384404,0.31328150401930643
Umzimvubu,0,0.19817400069600394,0.2043994483492256,0.2271839100746429,0.18144557609989775,0.16268528739509175,0.2139175230716975,0.19310334053015468
Emadlangeni,0.4312792263471745,0.28142319089287016,0.3574590383008957,0.30398005168377884,0.2369995584338418,0.21873875833544343,0.2052574954246791,0.20450201800609447
Dihlabeng,0.2846825452556481,0.27530256933456615,0.3082236479706999,0.27122914858749003,0.2644023091991351,0.25974654820007753,0.26332250022883846,0.2918977184694011
Moretele,0.15007832690698947,0.1714573935917838,0.11987113717059891,0.16496314660302722,0.1503536177275676,0.15897851982860872,0.13428595765730925,0.1532771543831412
Makhado,0.2047724111098784,0.3675064172724838,0.3176562729774893,0.3164422102045961,0.3325469958155604,0.29572736085107165,0.27661761819480885,0.268561981832728
Thaba Chweu,0.27795640516196757,0.32580390489913313,0.29949856050904494,0.23909193603181203,0.2869254299442356,0.23756518914220032,0.19684785143572983,0.24432649169414886
Umdoni,0.26165531973965345,0.22374380892877493,0.2094234282827601,0.3055469017813216,0.3669819396644584,0.3296201007235026,0.36879351013136286,0.2901100306333832
Ndwedwe,0.24156573587570226,0.24164715792836094,0.21422257850059181,0.21799511644916442,0.20572670428378298,0.1361019517690263,0.16169928083619883,0.15267700419520105
Siyancuma,0.2607232736443226,0.21369974627437838,0.19415348753035247,0.30328590940219907,0.27187632088493896,0.2956193407590324,0.279461624770845,0.2728038078669354
Buffalo City,0.19393774245354614,0.18740587179823115,0.18974970141405148,0.21555234572663573,0.1835682140948655,0.1804866410938648,0.18335987379002638,0.1942260060475875
Naledi,0.20966264333734724,0.2880185349776795,0.31179207041574336,0.28346021612695615,0.340727047547861,0.38463938813130527,0.38783588963981164,0.40762025420652104
Richtersveld,0.2448733940188266,0.25545068769844625,0.2315546761976226,0.19407965815257122,0.22685142730098898,0.31012626088494843,0.2889018978273007,0.34247856886852635
Thulamela,0.2996785047976634,0.20246129584391837,0.17687377915939867,0.13489737922294942,0.17133936016501825,0.288272793280292,0.2455456575736325,0.1579519744331306
Metsimaholo,0.275627483104652,0.2651772737037611,0.22679920134355994,0.22803245314320675,0.215618456270574,0.2105065302328809,0.15157113313548645,0.20407342837814627
Mangaung,0.2576468233603693,0.2112398393946848,0.1960017054120841,0.17622744005251167,0.16088853323804092,0.16006371800558492,0.19712531326373456,0.2143919944059837
Cederberg,0.3276241702348936,0.315750227082104,0.2739505805299196,0.3238335704525134,0.29178272944560185,0.32727237867869,0.2822540221873908,0.2823582703848591
Masilonyana,0.29446955632875743,0.35264896948807034,0.2591574602563389,0.3333533019830439,0.21306120582483465,0.2656366771900071,0.18951836352002285,0.2976817302416527
Witzenberg,0.17196591583242843,0.18994343753284693,0.19005007481135244,0.19149182651164584,0.1740425555319754,0.18372631858035898,0.18551637390966585,0.1826861156100337
Ba-Phalaborwa,0.17268923396679686,0.18255534366338505,0.1625714275129839,0.24229150745194683,0.24835197246945287,0.2146377402286816,0.29884380413810685,0.23051882208795493
Mamusa,0.3192184956252937,0.14335175867298525,0.16823590856998202,0.14954579421502273,0.13109919261685232,0.16534266349145899,0.14605114046824494,0.16846963881445587
Kannaland,0.0675542995188625,0.2796002908309982,0.31671577808332024,0.287629540483065,0.2780307537853058,0.2844525161513063,0.299171049723955,0.29652370837780934
Theewaterskloof,0.24041703202740372,0.2423938820221639,0.25956086466002526,0.2623024391197559,0.2125863020150862,0.20870759729424418,0.2297567003243783,0.22457298444874196
Jozini,0.31082698483936344,0.231788754773915,0.21353698671941826,0.17254644577862596,0.20367635265938994,0.29597897931845324,0.24473140072505678,0.20924368162911358
City of Matlosana,0.17346934851618875,0.2250503835686074,0.22916009284214306,0.30467881151769177,0.2842271003315497,0.2570030200999663,0.25387352190266776,0.21606604690709647
Ngquza Hill,0.6265389239165062,0.36684235710883545,0.6811722325713802,0.268563908860489,0.40802918023165585,0.2966630823354188,0.27819784379584267,0.27063946369793657
Maluti a Phofung,0.15482209325675683,0.18644994974737458,0.13740004113790266,0.10161133317194335,0.16348279777962163,0.2625189577115756,0.17112810785483148,0.25979551251945115
Kareeberg,0.12412500980111811,0.2083124368672202,0.16293459182022335,0.1637061085454836,0.17213703963246252,0.1976160839605323,0.2306438111861371,0.2258489021852583
Bitou,0.30759991776458123,0.305783869614347,0.3078126213760469,0.24324963055885773,0.207389459428803,0.2031675607554874,0.1962373646917475,0.21237877913525205
City of Johannesburg,0.24960233635859233,0.2269511341540067,0.2168297733043209,0.20082856001299107,0.21212627891705782,0.20603568381280904,0.18839346532118317,0.2023343228346455
Amahlathi,0.2852395659411858,0.2852395659411858,0.26994565964799283,0.22395524219426677,0.19912514330536257,0.2076418780802853,0.32311220885873837,0.26850260460028713
Lekwa-Teemane,0.22940885445814363,0.23511169646494015,0.24835015532030721,0.1869249711367499,0.15152779506395947,0.14775189611609657,0.16358410252030678,0.14382753819357091
Mnquma,0.44646855330393276,0.4206751226390271,0.34218572940922426,0.4030212046840563,0.2682231183363486,0.3406466292575734,0.33553242342750533,0.36407687367649494
Umzumbe,0.1821234313941447,0.1657445351202411,0.1611009112113251,0.19386052053073743,0.15921130652171686,0.17911269741410982,0.17118368020680608,0.16611445967532001
Nala,0.23032288563949307,0.2610086630415933,0.25461779489330383,0.3006274145185872,0.32459702235202365,0.30838345984651155,0.33072177894378235,0.35974466470859146
Nketoana,0.107127062078101,0.15349002304370435,0.1546592576713714,0.14844802788120115,0.1525165970208384,0.2527066398947456,0.15809118603909436,0.23000692084381383
Richmond,0.3116197267883967,0.22380297877427535,0.23267300100509242,0.269890295687043,0.2596052701630327,0.23862431057268374,0.228363128795943,0.22270612673227233
Endumeni,0.40094353682610767,0.3647993221223212,0.3499884916541737,0.3268875171394262,0.3009031512029764,0.2975039200301924,0.27152345798869576,0.27899783903204367
Tsantsabane,0.29844523646182114,0.24603281078815858,0.26755835117271476,0.08379507203148732,0.2463927975103453,0.2297294109910936,0.29270823157007486,0.3610477951504196
Maphumulo,0.21946081920044586,0.18460598303099343,0.21342688315471428,0.1868485730720164,0.15600998723361736,0.1733395497116863,0.22480466609882307,0.19935549158419183
Swellendam,0.2654386104803586,0.259132049772422,0.16759709651242524,0.19439485203026802,0.1985188115144008,0.21081480752840623,0.16944319781313433,0.17450461052214833
Sundays River Valley,0.10008397463932896,0.08682084368782608,0.17795776050043127,0.20171517186732751,0.2093728360341937,0.2292618276991199,0.16039250206301983,0.21778054568156086
Karoo Hoogland,0.4158626284936716,0.4140932632478465,0.2977768196616467,0.30421590462483383,0.3662615675235777,0.35801316153721896,0.34853384639540014,0.3313787497217389
Dr JS Moroka,0.20242245203651366,0.21657148316209907,0.23570227269344685,0.2277963035862081,0.24822068493833846,0.23620148148928982,0.2481394615854038,0.2655026783388964
Swartland,0.23081013556848223,0.22730003137099425,0.23434494088726535,0.25124505797419483,0.25274777973176354,0.21680755003425922,0.21061613930373282,0.21362704486498277
Blouberg,0.34153905658480727,0.24909012927907712,0.3059153483390993,0.1939221910951812,0.28286433885314116,0.31173892511535056,0.2738140413244116,0.23286990039576677
Bela-Bela,0.28072819057022563,0.31544874274943685,0.47251366561236124,0.28221884146214943,0.29546813164961233,0.24226684794660958,0.32580126366448203,0.326136459964665
Mogale City,0.23853673873427161,0.22177309286187363,0.2198632837448653,0.1859517316353008,0.19764923144230018,0.1904097870565561,0.19720226657563672,0.184632731059972
Knysna,0.191370514469259,0.1738923604283287,0.1736069251361287,0.17916901354263523,0.18701671559448935,0.20467923942507082,0.2020962529729467,0.19128988679155814
Lephalale,0.2624348202853505,0.20318782438491884,0.2674722321835,0.23501267768326872,0.24840940554468285,0.2340342393194139,0.2048467797220646,0.27495478001835255
Bushbuckridge,0.24050512714129482,0.26474077032533117,0.2109798426447287,0.21372681469870927,0.18214408736588292,0.19884131996205395,0.2515881210617062,0.23096025576029727
City of Cape Town,0.16328789915739483,0.16771859312003765,0.16331386349667545,0.16039090021981212,0.15575585195450758,0.15463654914053354,0.15668535378632473,0.15271451128508648
Ubuntu,0.16839694137055336,0.21947886197024305,0.2973309907317375,0.21742980236917311,0.23226537684438675,0.1711151881497396,0.22091709520059585,0.2929633063492962
Greater Tzaneen,0.2856762435988618,0.22145365415229992,0.21178486326650556,0.1868379894271313,0.21820195563866768,0.2135633471650781,0.22509948086803028,0.19516996925277488
Newcastle,0.09977684117409369,0.11974422348718002,0.16787129285326513,0.16025284452379077,0.18296067373065414,0.23692182383379196,0.24070970372453238,0.2972584493685238
Inxuba Yethemba,0,0.3335134655698587,0.23546074025820551,0.2184093333543618,0.423390492557419,0.2950160219606348,0.31561985512537716,0.34345024475766456
Ga-Segonyana,0.32786673764255203,0.2776566400602961,0.18396592580343205,0.17392756551210062,0.13577540851013664,0.1421065603169047,0.15399428698704606,0.14985852562481017
Ngwathe,0.20943301513579124,0.1829359906879403,0.2899878761058872,0.2515461580120569,0.28794275440740186,0.2833144032813328,0.19605003036242424,0.25578706304830473
Local Municipality of Madibeng,0.16191120699909803,0.16500531093613116,0.2592009555989045,0.24569052143275308,0.21077692116619484,0.17989450095201254,0.2011757435885282,0.20246081449448314
Mpofana,0.1952736734920084,0.18026323186490645,0.19153409093321683,0.15924255958850958,0.1921197152734703,0.20615242080193757,0.24880354107376187,0.23024062704221096
Msinga,0.13448429677836143,0.12937805656290233,0.1138561619783088,0.12692244976331682,0.14188224673129143,0.0960240029086314,0.14424812333357667,0.18198762708430352
Okhahlamba,0.19652261592197617,0.2888543338765337,0.28200218110655106,0.2349419783063127,0.22263006269236077,0.24008389427949386,0.2416399017272371,0.23325587733464695
Lepele-Nkumpi,0.11094143456905611,0.11006922142991155,0.08677501267620007,0.1190041073639502,0.1663206033326638,0.208602323113331,0.19970162587826115,0.1677988864924788
Laingsburg,0.36619505539023217,0.36619505539023217,0.3755679217827802,0.14594822977850233,0.21829236892946613,0.156690794318432,0.1453886729715806,0.1682054701548875
uMshwathi,0.2373654674963359,0.25207666198119794,0.323315673143657,0.2860886059205979,0.28047483697373726,0.3042953212929448,0.29769384283606204,0.30376151949640917
Moses Kotane,0.17906712224621282,0.20929544373557046,0.19300588337850516,0.14505492826417268,0.13238280788184945,0.1578018996761045,0.16231240945712386,0.16967739739293566
Tswaing,0.32042104781290554,0.43535440486970844,0.4642152602335041,0.3555560884837432,0.31541702990941983,0.2697496765654745,0.2630184328155471,0.2993853625345688
Beaufort West,0.20436178857215187,0.2103326797601551,0.23349288390003767,0.23887722489044472,0.2124584273542618,0.22895448701240217,0.21455550618214253,0.22627515962502334
The Msunduzi,0.21076641810936897,0.25060634711096497,0.18817260516937198,0.15531100236208353,0.13397311204976992,0.19838051199019213,0.19830589942812443,0.21857527941477348
Joe Morolong,0.14868858226879728,0.21271582536000308,0.1500713679531056,0.18712161440079417,0.09838447400851333,0.14635751749017492,0.13095292710792622,0.13245283032097185
Mfolozi,0.39534610774311807,0.21548036192302927,0.23735569373300563,0.24462526621200784,0.17753121515065123,0.1607563204053309,0.11170292309915261,0.1450363210661606
Emfuleni,0.1728495318940167,0.1739726317964083,0.1738873609067157,0.17285852925721323,0.14335323870342812,0.13985817185936814,0.13943890002766807,0.17477174104042573
eDumbe,0.3844886512525846,0.2952816670232856,0.29987196337373456,0.2751184423167793,0.25029529659000477,0.29831957139902754,0.29831957139902754,0.2719014760318846
Hessequa,0.1825915140544172,0.17375663330760344,0.24739763296924136,0.2509257851058121,0.278543901821864,0.24491487173979637,0.24656629439428396,0.23009996243093242
Ubuhlebezwe,0.20206791441489255,0.15410191656298733,0.21360119109412842,0.21080108271778633,0.2156738837922823,0.23654208299564305,0.22116221887644896,0.21573077374542848
Phumelela,0.26870839046645667,0.20475921714028977,0.1731774586672815,0.19529182504558035,0.2583348853600583,0.260236702096354,0.25231046917623273,0.2927094324700518
Umhlabuyalingana,0.2806203848949484,0.1713986779641206,0.16840192638814688,0.09502110407488928,0.10647767497513518,0.15851179831905546,0.15326555033087025,0.12943307646159877
Nqutu,0.3808117203698362,0.2253518460209016,0.20855213071507134,0.14771655686276927,0.15080807864182436,0.1590233364391961,0.17923321125465158,0.1479418565154564
Ulundi,0.2195709114188118,0.10720264108698237,0.3225457775214305,0.34453208693510495,0.1775333287055634,0.1945593207112321,0.22692809267428624,0.19858258022522446
Kh√¢i-Ma,0.11927123162421652,0.20849726793584458,0.12013316395853217,0.1859554137881542,0.2164819627328383,0.17186178327363635,0.1890238464581103,0.24302764513727734
Ratlou,0.22840489490408153,0.21775058958445842,0.24087398852752004,0.2759076298253403,0.30675968647647406,0.16613695185339952,0.2029440021158406,0.30203818232545704
Blue Crane Route,0.33411984521066157,0.2642261908777484,0.2785993311431428,0.27911146820142196,0.2362962593227877,0.2406584825039595,0.2624100472037195,0.3125708897811466
Setsoto,0.2817995855763123,0.2545883497934271,0.19731797943652649,0.18568660853209307,0.21744479367000835,0.2001888841466499,0.2639769315429343,0.2658903870257522
Ramotshere Moiloa,0.39001113150492656,0.3687601445540642,0.3404612747259675,0.21383931482541835,0.2963313333616123,0.34241021907837943,0.20106931240113482,0.2057268298629226
Mohokare,0.3607615929763489,0.18966750714104982,0.20818922852332677,0.20015598872198742,0.18922711759144373,0.216323580135917,0.20888672654516793,0.16362968216868945
Moqhaka,0.377047434497271,0.3259194267081422,0.3179246348817272,0.3048198693543323,0.26100616241120433,0.2524015112703399,0.2632297316962659,0.29121275382310363
Overstrand,0.2414369993935954,0.25201817823296224,0.22666817053920738,0.24645705933167378,0.24314211771085234,0.26384039373251345,0.251649027193735,0.22710151261399109
Chief Albert Luthuli,0.1811385234848066,0.2031666770712039,0.22469153829328115,0.1771607118355595,0.22124327571617963,0.21746194193444512,0.26026260399848433,0.28037767856776363
Govan Mbeki,0.3012435099984599,0.28918452208324424,0.30468966507321393,0.15707694384336585,0.19821364473017433,0.214357597021632,0.23512628089026122,0.2383159075423971
Letsemeng,0.1722665893227962,0.1298516343592815,0.21833310729440852,0.20578658512303596,0.16286150779984906,0.1902260271973874,0.20082354499545949,0.19299514212199304
Stellenbosch,0.24425463634693384,0.19210372148996538,0.20173489310610498,0.20214335546044027,0.1738031543619637,0.18319059976896504,0.20370787476212282,0.2029826127690023
Dr Pixley Ka Isaka Seme,0.37240397877563813,0.39436787114923305,0.25226296649866514,0.2571681368534848,0.24341888579502488,0.23921013580329384,0.27029829905928915,0.22896810714292307
Mandeni,0.25554391437138807,0.164320142699406,0.15409904739593647,0.16158533419795532,0.17603697816315952,0.23090346160005437,0.26493954529279595,0.23297026453809977
Mantsopa,0.27056995165800685,0.28404123765566824,0.21817691818221843,0.21626421163257822,0.18286667568093223,0.21473773975665092,0.22675047351062091,0.22436545311560346
Steve Tshwete,0.21187870886743407,0.24485754835081186,0.25753313914525017,0.23296027736472324,0.24396257755332904,0.2196465368397375,0.22540085023090026,0.2313526053696662
Siyathemba,0.42377418751315077,0.23713225048619918,0.3774947746909569,0.35351205506900946,0.3781505671259535,0.300147561154625,0.324019207155947,0.405022554552758
Nongoma,0.32920116176713,0.23202710386809214,0.2511267172544122,0.23143182534636875,0.26617031019682225,0.3092206658382402,0.3063391605307186,0.334325739917868
uMngeni,0.2089190707734905,0.23526880162751243,0.2719726917443306,0.26514609343825823,0.2255631077532512,0.1789880233907094,0.20752769964369633,0.22054753840382965
Mogalakwena,0.1764038731267313,0.16776715832205447,0.19188447590005808,0.16789603166099357,0.14286406664348206,0.16843668771156586,0.16435183876913328,0.14118565909162695
Ekurhuleni,0.2365690195807518,0.22489051349175004,0.17971771642356507,0.17771513370244182,0.20490719535858648,0.19710440150338565,0.16426421370174626,0.16929027468292118
Nelson Mandela Bay,0.24084678471173326,0.26438642821640607,0.3019471306583812,0.277410333453171,0.2167803131048809,0.20650793665751618,0.24251983921620743,0.24654182228543098
Makana,0.5902899330837355,0.30741812221480663,0.2449711381639616,0.3547496339552049,0.31796147664682206,0.269607540645982,0.31616802389320253,0.2696803058861858
uPhongolo,0.10039146380914603,0.2277671913655465,0.25622016918491625,0.20084574179778775,0.2172301238859397,0.19103960009887433,0.1983706133218286,0.23749163908260065
Thabazimbi,0.13408601183566893,0.31336803140583597,0.21558812265476662,0.26052354180424575,0.23882888019565618,0.40841519516141106,0.26659184519154194,0.3014395059758622
Bergrivier,0.35918872197956103,0.29065139083796687,0.31080342447246795,0.34773924996221084,0.36900270835074206,0.33643055647043213,0.32763510295765125,0.3446041064998775
Matzikama,0.22577112121764142,0.28736223268768374,0.32142139028851446,0.28231324502164606,0.2900607614055514,0.32661338831930053,0.3135790610282104,0.34690630967421754
Dr Beyers Naude,0.34509363298012447,0.23770660384280742,0.2766083087207821,0.19687516118297813,0.2278028664300008,0.22185520866657005,0.21908583389686792,0.26500504533332236
Senqu,0.2255989154363218,0.15762859120223185,0.23775341532445315,0.18649301119203968,0.23348741936237477,0.24945490624682254,0.2582625266155363,0.1806856601130028
Nama Khoi,0.24788432123998555,0.24618110066451804,0.22212514209390574,0.2145875692133862,0.20031049429798872,0.2205124192719244,0.20531007860361597,0.20649080917309326
King Sabata Dalindyebo,0.2851844751228082,0.2267301739111282,0.33108798801298595,0.17154152735481848,0.15174186783809554,0.1971111650881526,0.2883848203087612,0.2775886078199793
uMlalazi,0.24161283917341905,0.2584210578919394,0.23986563937340286,0.1870449343170226,0.23828607938599844,0.2337825035141652,0.19986774486443373,0.12404893773067478
Matatiele,0.16755071102306812,0.18417019135875676,0.1998672059496171,0.24862165354772384,0.26027961672528777,0.20900733461149043,0.2182901773725162,0.18409958733149318
KwaDukuza,0.11735986129969805,0.12585926533301606,0.12472452407995216,0.12403168642767233,0.11703224118999501,0.11726945005721554,0.11524188962817791,0.11797087386546007
Lesedi,0.22451094825491905,0.2329171111206388,0.1819863839839221,0.19943882545782088,0.1886518855506687,0.183413145317883,0.19267463490003994,0.1933290876041012
Thembisile,0.22901023216874344,0.22219080722501036,0.1934333778714587,0.17269134637296155,0.10212440492323734,0.13213362069369217,0.12730898517498213,0.10824797210629829
Magareng,0.3630527613523389,0.2782967021490644,0.20051117749833433,0.2650704052076583,0.21687445924453216,0.2502080310740204,0.24579008805324334,0.25489140270587457
Kou-Kamma,0.3320749377532351,0.11417396632254108,0.14609076417486358,0.21930506784600404,0.2430847631238318,0.2090427613654044,0.30206508824855094,0.32526285163456653
Ditsobotla,0.4187143492009402,0.34321831850675755,0.32974410067943966,0.36053306465178775,0.27058773063657376,0.46728568913213436,0.33708785485109155,0.33334336872970244
Mafube,0.38399118221543865,0.2630870547034099,0.45391547419837813,0.26578423386150957,0.35638714170383645,0.4353591360449782,0.35036746824394677,0.35398738969990895
uMhlathuze,0.23994081244932114,0.2081732270665313,0.2086985370424289,0.19077969321056526,0.1757201656663676,0.1582219089890443,0.1589502646360405,0.17833740040656715
Kgetlengrivier,0.26471653319779626,0.2926277139881273,0.23676970530475783,0.28416386405575556,0.32116574384086377,0.24867961520671372,0.2515208673392038,0.2295464057371245
Mossel Bay,0.2544478144008278,0.21504001855067872,0.2170337152378217,0.24092130615590904,0.25918859859005716,0.2500197397185507,0.2600846534244718,0.2635609302914906
Mbhashe,0.27768086140317877,0.17273651824012315,0.2280913952026218,0.1939922243414654,0.17984007326347246,0.16782350023534037,0.1424976223817595,0.2198349472369758
Greater Giyani,0.33200563263426286,0.37748908177800816,0.3737210452406511,0.28061622088395644,0.2759217791510405,0.28691135253625744,0.2421407261194824,0.23062568221755964
!Kheis,0.33841160957422034,0.23416946691614418,0.22404249846638916,0.21304845374286277,0.20578230396492947,0.24929282377758072,0.21177685131689442,0.2428805275835728
Nkomazi,0.2827754956931994,0.34036680892375193,0.5113554424900545,0.30384984841093005,0.2768737447154806,0.30215518372934935,0.22809511275214497,0.23152485657809513
Mtubatuba,0.4298210786227412,0.4005420684179465,0.28779915682254814,0.19008594245442004,0.2281242492390315,0.18404884406039626,0.15819739391863272,0.19346435010902482
Elias Motsoaledi,0.4794501712594477,0.21375969290020613,0.2740178188891375,0.24695286306389932,0.27157458021267983,0.3006927912215545,0.2520577242353094,0.23757048501243075
Molemole,0.28237664931072415,0.21455712214626643,0.3507618598166084,0.3008671963059277,0.2715772599960459,0.2935932670275789,0.3172599870759877,0.2980667401909958
Oudtshoorn,0.3070482589977223,0.35840360087637974,0.371660014442671,0.361436038319989,0.349247063703464,0.3583087259822528,0.3475742941917799,0.3994877865225304
